slug,attribute_type,attribute,length
aabach,streets,Autostr,705
aabach,streets,Fahrstraes,3866
aabach,streets,Fussweg,1162
aabach,streets,HauptStrAB6,2684
aabach,streets,VerbindStr4,658
aare-limmatspitz,streets,Fahrstraes,934
aare-limmatspitz,streets,HauptStrAB6,3123
aare-limmatspitz,streets,NebenStr3,2203
aare-limmatspitz,streets,VerbindStr6,4833
aare-port,streets,Autobahn,1891
aare-port,streets,Autostr,1677
aare-port,streets,Fahrstraes,5199
aare-port,streets,Fussweg,248
aare-port,streets,HauptStrAB4,944
aare-port,streets,HauptStrAB6,3243
aare-port,streets,NebenStr3,1634
aare-port,streets,VerbindStr4,2231
aare-port,streets,VerbindStr6,949
aare-solothurn-lido-strand,streets,Autobahn,2974
aare-solothurn-lido-strand,streets,Fahrstraes,6816
aare-solothurn-lido-strand,streets,HauptStrAB6,5272
aare-solothurn-lido-strand,streets,NebenStr3,2072
aare_bern_caveltin,streets,Fahrstraes,3483
aare_bern_caveltin,streets,Fussweg,4807
aare_bern_caveltin,streets,HauptStrAB6,1499
aare_bern_caveltin,streets,NebenStr3,6697
aare_bern_caveltin,streets,VerbindStr4,1067
aare_bern_caveltin,streets,VerbindStr6,2254
aare_bern_gerberm,streets,Autobahn,808
aare_bern_gerberm,streets,Fahrstraes,2333
aare_bern_gerberm,streets,HauptStrAB6,3834
aare_bern_gerberm,streets,NebenStr3,7000
aare_bern_gerberm,streets,VerbindStr6,843
aare_bern_scheurerk,streets,Autobahn,2734
aare_bern_scheurerk,streets,Autostr,330
aare_bern_scheurerk,streets,HauptStrAB6,6646
aare_bern_scheurerk,streets,NebenStr3,5345
aare_bern_scheurerk,streets,VerbindStr6,2300
aare_brugg_buchie,streets,Fahrstraes,1976
aare_brugg_buchie,streets,Fussweg,831
aare_brugg_buchie,streets,HauptStrAB6,4178
aare_brugg_buchie,streets,NebenStr3,2213
aare_brugg_buchie,streets,VerbindStr6,3419
aare_elfenau_cataldiv,streets,Fahrstraes,2556
aare_elfenau_cataldiv,streets,Fussweg,5869
aare_elfenau_cataldiv,streets,HauptStrAB4,645
aare_elfenau_cataldiv,streets,HauptStrAB6,3448
aare_elfenau_cataldiv,streets,NebenStr3,8703
aare_elfenau_cataldiv,streets,VerbindStr4,94
aare_elfenau_cataldiv,streets,VerbindStr6,2435
aare_kehrsatz_stolten,streets,Autobahn,2040
aare_kehrsatz_stolten,streets,Fahrstraes,2152
aare_kehrsatz_stolten,streets,Fussweg,5266
aare_kehrsatz_stolten,streets,HauptStrAB6,3569
aare_kehrsatz_stolten,streets,NebenStr3,6336
aare_koniz_hoppej,streets,Fahrstraes,1290
aare_koniz_hoppej,streets,Fussweg,6584
aare_koniz_hoppej,streets,HauptStrAB4,503
aare_koniz_hoppej,streets,HauptStrAB6,3639
aare_koniz_hoppej,streets,NebenStr3,11781
aare_koniz_hoppej,streets,VerbindStr6,2373
aare_post,streets,Autobahn,1962
aare_post,streets,Autostr,1749
aare_post,streets,Fahrstraes,5467
aare_post,streets,Fussweg,437
aare_post,streets,HauptStrAB4,944
aare_post,streets,HauptStrAB6,3406
aare_post,streets,NebenStr3,1878
aare_post,streets,VerbindStr4,2231
aare_post,streets,VerbindStr6,778
aare_rupperswil_badert,streets,Fahrstraes,619
aare_rupperswil_badert,streets,Fussweg,1525
aare_rupperswil_badert,streets,HauptStrAB6,2896
aare_rupperswil_badert,streets,NebenStr3,4656
aare_rupperswil_badert,streets,VerbindStr6,359
aare_solothurn_nguyena,streets,Autobahn,2922
aare_solothurn_nguyena,streets,Fahrstraes,6794
aare_solothurn_nguyena,streets,HauptStrAB6,6228
aare_solothurn_nguyena,streets,NebenStr3,2425
aare_solothurn_nguyena,streets,NebenStr6,107
aare_suhrespitz_badert,streets,Autobahn,1392
aare_suhrespitz_badert,streets,Fahrstraes,1701
aare_suhrespitz_badert,streets,Fussweg,186
aare_suhrespitz_badert,streets,HauptStrAB4,386
aare_suhrespitz_badert,streets,HauptStrAB6,5748
aare_suhrespitz_badert,streets,NebenStr3,3087
aare_suhrespitz_badert,streets,VerbindStr4,2199
aare_suhrespitz_badert,streets,VerbindStr6,1817
aarezufluss_bern_scheurerk,streets,Autobahn,2792
aarezufluss_bern_scheurerk,streets,Autostr,302
aarezufluss_bern_scheurerk,streets,HauptStrAB6,6718
aarezufluss_bern_scheurerk,streets,NebenStr3,5315
aarezufluss_bern_scheurerk,streets,VerbindStr6,2307
airolo,streets,Autobahn,1310
airolo,streets,Autostr,721
airolo,streets,Fahrstraes,4480
airolo,streets,Fussweg,6016
airolo,streets,HauptStrAB6,881
airolo,streets,NebenStr3,3132
airolo,streets,VerbindStr4,477
anarchy-beach,streets,HauptStrAB6,3034
anarchy-beach,streets,NebenStr3,1504
anarchy-beach,streets,VerbindStr4,965
arabie,streets,Autobahn,1062
arabie,streets,Fahrstraes,2446
arabie,streets,Fussweg,814
arabie,streets,HauptStrAB6,5601
arabie,streets,NebenStr3,7167
arve_carouge_battistellak,streets,Fussweg,407
arve_carouge_battistellak,streets,HauptStrAB6,18
arve_carouge_battistellak,streets,NebenStr3,16131
arve_carouge_battistellak,streets,VerbindStr6,5658
ascona-traghetto-spiaggia,streets,Fahrstraes,1162
ascona-traghetto-spiaggia,streets,HauptStrAB6,2926
ascona-traghetto-spiaggia,streets,NebenStr3,5819
ascona-traghetto-spiaggia,streets,VerbindStr4,1584
ascona-traghetto-spiaggia,streets,VerbindStr6,705
augustmutzenbergstrandweg,streets,Autostr,2223
augustmutzenbergstrandweg,streets,HauptStrAB6,3043
augustmutzenbergstrandweg,streets,NebenStr3,2909
baby-plage-geneva,streets,Fussweg,356
baby-plage-geneva,streets,HauptStrAB4,424
baby-plage-geneva,streets,HauptStrAB6,8745
baby-plage-geneva,streets,NebenStr3,9468
baby-plage-geneva,streets,VerbindStr4,1011
baby-plage-geneva,streets,VerbindStr6,4088
baby-plage-ii-geneve,streets,Fussweg,328
baby-plage-ii-geneve,streets,HauptStrAB4,424
baby-plage-ii-geneve,streets,HauptStrAB6,8251
baby-plage-ii-geneve,streets,NebenStr3,9372
baby-plage-ii-geneve,streets,VerbindStr4,928
baby-plage-ii-geneve,streets,VerbindStr6,3663
bain-des-dames,streets,HauptStrAB6,4231
bain-des-dames,streets,NebenStr3,3514
bain-des-dames,streets,VerbindStr4,911
baye-de-clarens,streets,Autobahn,1212
baye-de-clarens,streets,HauptStrAB4,638
baye-de-clarens,streets,HauptStrAB6,4879
baye-de-clarens,streets,NebenStr3,1563
baye-de-clarens,streets,VerbindStr4,1075
baye-de-montreux-d,streets,Autobahn,2524
baye-de-montreux-d,streets,Fahrstraes,3032
baye-de-montreux-d,streets,HauptStrAB6,3492
baye-de-montreux-d,streets,NebenStr3,4655
baye-de-montreux-g,streets,Autobahn,2521
baye-de-montreux-g,streets,Fahrstraes,3041
baye-de-montreux-g,streets,HauptStrAB6,3461
baye-de-montreux-g,streets,NebenStr3,4623
beich,streets,Fahrstraes,3147
beich,streets,NebenStr3,1968
beich,streets,VerbindStr6,2143
bern-fahrstrasse,streets,Autobahn,2026
bern-fahrstrasse,streets,Fahrstraes,369
bern-fahrstrasse,streets,HauptStrAB6,4189
bern-fahrstrasse,streets,NebenStr3,5742
bern-tiergarten,streets,Fahrstraes,1474
bern-tiergarten,streets,Fussweg,6235
bern-tiergarten,streets,HauptStrAB6,2623
bern-tiergarten,streets,NebenStr3,11835
bern-tiergarten,streets,VerbindStr4,758
bern-tiergarten,streets,VerbindStr6,3541
bielersee_vinelz_fankhausers,streets,Fahrstraes,2799
bielersee_vinelz_fankhausers,streets,NebenStr3,4603
bielersee_vinelz_fankhausers,streets,VerbindStr4,2769
bielersee_vinelz_fankhausers,streets,VerbindStr6,828
birs_basel_grunern,streets,Autob_Ri,2156
birs_basel_grunern,streets,Autobahn,2581
birs_basel_grunern,streets,Fussweg,2829
birs_basel_grunern,streets,HauptStrAB4,360
birs_basel_grunern,streets,HauptStrAB6,10454
birs_basel_grunern,streets,NebenStr3,7058
birs_basel_grunern,streets,VerbindStr4,295
birs_basel_grunern,streets,VerbindStr6,1019
birs_basel_laderachs,streets,Autob_Ri,2156
birs_basel_laderachs,streets,Autobahn,2750
birs_basel_laderachs,streets,Fussweg,1744
birs_basel_laderachs,streets,HauptStrAB4,360
birs_basel_laderachs,streets,HauptStrAB6,9950
birs_basel_laderachs,streets,NebenStr3,6536
birs_basel_laderachs,streets,VerbindStr6,587
birs_reinach_dinuccin,streets,Autobahn,3048
birs_reinach_dinuccin,streets,Fahrstraes,545
birs_reinach_dinuccin,streets,HauptStrAB6,3403
birs_reinach_dinuccin,streets,NebenStr3,5257
birs_reinach_dinuccin,streets,VerbindStr6,4846
birskopfli-rusco,streets,Autob_Ri,2156
birskopfli-rusco,streets,Autobahn,2054
birskopfli-rusco,streets,Fussweg,3197
birskopfli-rusco,streets,HauptStrAB6,8206
birskopfli-rusco,streets,NebenStr3,8446
birskopfli-rusco,streets,VerbindStr4,1151
birskopfli-rusco,streets,VerbindStr6,3063
bodensee_altenrhein_caluoria,streets,Autobahn,1903
bodensee_altenrhein_caluoria,streets,Fahrstraes,460
bodensee_altenrhein_caluoria,streets,HauptStrAB6,2941
bodensee_altenrhein_caluoria,streets,NebenStr3,5137
bodensee_arbon_moslis,streets,Fahrstraes,3200
bodensee_arbon_moslis,streets,HauptStrAB6,3089
bodensee_arbon_moslis,streets,NebenStr3,3499
bodensee_arbon_moslis,streets,NebenStr6,429
bodensee_arbon_moslis,streets,VerbindStr6,926
bodensee_horn_huberm,streets,HauptStrAB6,3137
bodensee_horn_huberm,streets,NebenStr3,4603
bodensee_horn_huberm,streets,NebenStr6,196
bodensee_steinach_dolder_a,streets,Fahrstraes,1446
bodensee_steinach_dolder_a,streets,HauptStrAB6,5066
bodensee_steinach_dolder_a,streets,NebenStr3,5714
bodensee_steinach_dolder_a,streets,NebenStr6,1912
bodensee_steinach_dolder_a,streets,VerbindStr6,1246
bodensee_thal_schlachterj_1,streets,Autobahn,1975
bodensee_thal_schlachterj_1,streets,Fahrstraes,418
bodensee_thal_schlachterj_1,streets,HauptStrAB6,2963
bodensee_thal_schlachterj_1,streets,NebenStr3,5244
boiron,streets,Autobahn,1786
boiron,streets,Fahrstraes,3173
boiron,streets,HauptStrAB6,2820
boiron,streets,NebenStr3,1163
brugg-be-buren-bsg-standort,streets,Autobahn,2860
brugg-be-buren-bsg-standort,streets,Autostr,2138
brugg-be-buren-bsg-standort,streets,Fahrstraes,5391
brugg-be-buren-bsg-standort,streets,Fussweg,1374
brugg-be-buren-bsg-standort,streets,HauptStrAB4,944
brugg-be-buren-bsg-standort,streets,HauptStrAB6,3318
brugg-be-buren-bsg-standort,streets,NebenStr3,3106
brugg-be-buren-bsg-standort,streets,VerbindStr4,1893
camp-des-peches,streets,Autobahn,2752
camp-des-peches,streets,Fahrstraes,1002
camp-des-peches,streets,Fussweg,803
camp-des-peches,streets,HauptStrAB4,695
camp-des-peches,streets,HauptStrAB6,2885
camp-des-peches,streets,NebenStr3,2162
camp-des-peches,streets,VerbindStr6,3485
camping-gwatt-strand,streets,Fahrstraes,970
camping-gwatt-strand,streets,HauptStrAB6,3432
camping-gwatt-strand,streets,VerbindStr4,1344
camping-gwatt-strand,streets,VerbindStr6,696
canale-saleggi,streets,Autobahn,3054
canale-saleggi,streets,Fahrstraes,1343
canale-saleggi,streets,Fussweg,3014
canale-saleggi,streets,HauptStrAB6,3799
canale-saleggi,streets,NebenStr3,7944
caprino,streets,Fahrstraes,1917
caprino,streets,Fussweg,2137
charmey,streets,Fahrstraes,2780
charmey,streets,Fussweg,4114
chriesbach_duebendorf_schneidera,streets,Autob_Ri,983
chriesbach_duebendorf_schneidera,streets,Autobahn,1492
chriesbach_duebendorf_schneidera,streets,HauptStrAB6,3710
chriesbach_duebendorf_schneidera,streets,NebenStr3,7296
chriesbach_duebendorf_schneidera,streets,VerbindStr6,2845
crans-montana,streets,Fahrstraes,1023
cully-plage,streets,Autobahn,2610
cully-plage,streets,HauptStrAB6,3218
cully-plage,streets,NebenStr3,8244
delta-park,streets,Autobahn,1799
delta-park,streets,Fahrstraes,2102
delta-park,streets,HauptStrAB6,3522
delta-park,streets,VerbindStr4,506
delta-park,streets,VerbindStr6,1542
emme_biberist_jennim,streets,HauptStrAB6,1517
emme_biberist_jennim,streets,NebenStr3,2893
emme_biberist_jennim,streets,VerbindStr6,3131
emme_utzenstorf_gruttert,streets,Fahrstraes,3094
emme_utzenstorf_gruttert,streets,HauptStrAB6,2961
emme_utzenstorf_gruttert,streets,NebenStr3,1957
emme_utzenstorf_gruttert,streets,VerbindStr6,3608
erlach-camping-strand,streets,Fahrstraes,3035
erlach-camping-strand,streets,NebenStr3,1101
erlach-camping-strand,streets,VerbindStr4,1204
erlach-camping-strand,streets,VerbindStr6,1716
evole-plage,streets,Autob_Ri,462
evole-plage,streets,Autobahn,4578
evole-plage,streets,Fahrstraes,593
evole-plage,streets,Fussweg,639
evole-plage,streets,HauptStrAB4,1342
evole-plage,streets,HauptStrAB6,4893
evole-plage,streets,NebenStr3,899
evole-plage,streets,NebenStr6,1226
evole-plage,streets,VerbindStr4,3958
evole-plage,streets,VerbindStr6,2359
flibach-river-right-bank,streets,Autob_Ri,2608
flibach-river-right-bank,streets,Autobahn,1126
flibach-river-right-bank,streets,Fahrstraes,4616
flibach-river-right-bank,streets,Fussweg,2188
flibach-river-right-bank,streets,NebenStr3,208
flibach-river-right-bank,streets,VerbindStr6,4070
foce-del-cassarate,streets,HauptStrAB4,1442
foce-del-cassarate,streets,HauptStrAB6,6311
foce-del-cassarate,streets,NebenStr3,8874
foce-del-cassarate,streets,NebenStr6,3024
foce-del-cassarate,streets,VerbindStr6,757
gals-reserve,streets,Fahrstraes,3038
gals-reserve,streets,HauptStrAB4,269
gals-reserve,streets,HauptStrAB6,970
gals-reserve,streets,NebenStr3,1089
gals-reserve,streets,VerbindStr4,542
gals-reserve,streets,VerbindStr6,3580
gasi-strand,streets,Autob_Ri,4134
gasi-strand,streets,Autobahn,879
gasi-strand,streets,Fahrstraes,1153
gasi-strand,streets,Fussweg,2838
gasi-strand,streets,HauptStrAB6,2049
gasi-strand,streets,VerbindStr6,3217
gerra-gambarogno,streets,Fahrstraes,4371
gerra-gambarogno,streets,NebenStr3,2348
gerra-gambarogno,streets,VerbindStr6,3018
glatt_oerlikon_covosn,streets,Autob_Ri,2549
glatt_oerlikon_covosn,streets,Autobahn,2165
glatt_oerlikon_covosn,streets,Fahrstraes,67
glatt_oerlikon_covosn,streets,HauptStrAB6,5545
glatt_oerlikon_covosn,streets,NebenStr3,1717
glatt_oerlikon_covosn,streets,NebenStr6,259
glatt_oerlikon_covosn,streets,VerbindStr4,2490
glatt_oerlikon_covosn,streets,VerbindStr6,5657
goldach_goldach_schlachterj,streets,Autobahn,3847
goldach_goldach_schlachterj,streets,Fahrstraes,74
goldach_goldach_schlachterj,streets,Fussweg,1748
goldach_goldach_schlachterj,streets,HauptStrAB6,4327
goldach_goldach_schlachterj,streets,NebenStr3,7733
golene-gudo,streets,Fahrstraes,2433
golene-gudo,streets,Fussweg,1718
golene-gudo,streets,HauptStrAB6,2787
golene-gudo,streets,NebenStr3,1864
grand-clos,streets,Fahrstraes,616
grand-clos,streets,Fussweg,1926
grand-clos,streets,HauptStrAB6,3178
greifensee_fallanden_meistery,streets,NebenStr3,3259
greifensee_fallanden_meistery,streets,NebenStr6,1565
greifensee_fallanden_simmenc,streets,NebenStr3,3379
greifensee_fallanden_simmenc,streets,NebenStr6,2066
greifensee_greifensee_simmenc,streets,NebenStr3,5829
greifensee_maur_simmenc,streets,Fahrstraes,405
greifensee_maur_simmenc,streets,NebenStr3,5191
greifensee_maur_simmenc,streets,NebenStr6,25
greifensee_uster_fischerb_-2,streets,Fahrstraes,1056
greifensee_uster_fischerb_-2,streets,NebenStr3,5711
greifensee_uster_fischerb_1,streets,Fahrstraes,1056
greifensee_uster_fischerb_1,streets,NebenStr3,5617
greifensee_uster_fischerb_1,streets,VerbindStr6,1109
grendelbach_effretikon_dambonec,streets,Autobahn,2264
grendelbach_effretikon_dambonec,streets,HauptStrAB6,1159
grendelbach_effretikon_dambonec,streets,NebenStr3,8675
grendelbach_effretikon_dambonec,streets,VerbindStr6,1959
grindelwald,streets,Fahrstraes,5880
grindelwald,streets,Fussweg,882
gummligrabbe,streets,Fahrstraes,6215
gummligrabbe,streets,Fussweg,162
gummligrabbe,streets,NebenStr3,5279
hafeli,streets,Autostr,3028
hafeli,streets,Fussweg,3680
hafeli,streets,HauptStrAB6,1152
hafeli,streets,NebenStr3,3025
hafeli,streets,VerbindStr4,941
hafeli,streets,VerbindStr6,953
hauterive-petite-plage,streets,Autobahn,3155
hauterive-petite-plage,streets,Fahrstraes,1813
hauterive-petite-plage,streets,HauptStrAB4,761
hauterive-petite-plage,streets,HauptStrAB6,4428
hauterive-petite-plage,streets,NebenStr3,1073
hauterive-petite-plage,streets,VerbindStr4,236
hauterive-petite-plage,streets,VerbindStr6,1769
impromptu_cudrefin,streets,Fahrstraes,2690
impromptu_cudrefin,streets,Fussweg,2666
impromptu_cudrefin,streets,NebenStr3,522
impromptu_cudrefin,streets,VerbindStr6,3302
isole-di-brissago-porto,streets,Fahrstraes,322
isole-di-brissago-porto,streets,HauptStrAB6,2261
isole-di-brissago-porto,streets,NebenStr3,1679
jardin-botanique,streets,Fahrstraes,980
jardin-botanique,streets,Fussweg,564
jardin-botanique,streets,HauptStrAB6,6446
jardin-botanique,streets,NebenStr3,5557
jardin-botanique,streets,VerbindStr6,597
jona-river-rastplatz,streets,Fahrstraes,1090
jona-river-rastplatz,streets,Fussweg,1490
jona-river-rastplatz,streets,NebenStr3,2058
jona_tann_nusslin,streets,Fahrstraes,2128
jona_tann_nusslin,streets,HauptStrAB6,3198
jona_tann_nusslin,streets,NebenStr3,561
jona_tann_nusslin,streets,NebenStr6,2790
jona_tann_nusslin,streets,VerbindStr6,2738
katzensee_regensdorfzuerichaffoltern_stueberj,streets,Autobahn,2854
katzensee_regensdorfzuerichaffoltern_stueberj,streets,Fahrstraes,4349
katzensee_regensdorfzuerichaffoltern_stueberj,streets,HauptStrAB6,2940
katzensee_regensdorfzuerichaffoltern_stueberj,streets,NebenStr3,6020
katzensee_regensdorfzuerichaffoltern_stueberj,streets,VerbindStr6,887
kusnachter-dorfbach-tobelweg-1-4,streets,HauptStrAB6,2895
kusnachter-dorfbach-tobelweg-1-4,streets,NebenStr3,6084
kusnachter-dorfbach-tobelweg-1-4,streets,NebenStr6,4081
la-berra,streets,Fahrstraes,1908
la-berra,streets,Fussweg,5170
la-morges,streets,Autobahn,2630
la-morges,streets,Fahrstraes,1201
la-morges,streets,HauptStrAB4,919
la-morges,streets,HauptStrAB6,4896
la-morges,streets,NebenStr3,1029
la-morges,streets,VerbindStr4,2376
la-morges,streets,VerbindStr6,192
la-pecherie,streets,Autobahn,1297
la-pecherie,streets,HauptStrAB6,2965
la-pecherie,streets,NebenStr3,3359
la-petite-plage,streets,Fahrstraes,916
la-petite-plage,streets,HauptStrAB6,1536
la-petite-plage,streets,NebenStr3,6645
la-petite-plage,streets,VerbindStr6,3294
la-robella,streets,Fahrstraes,9788
la-robella,streets,NebenStr3,1747
la-robella,streets,VerbindStr6,2439
la-thiele_le-mujon_confluence,streets,Autobahn,2919
la-thiele_le-mujon_confluence,streets,Fahrstraes,4035
la-thiele_le-mujon_confluence,streets,HauptStrAB6,2911
la-thiele_le-mujon_confluence,streets,NebenStr3,5352
la-thiele_le-mujon_confluence,streets,NebenStr6,64
la-thiele_le-mujon_confluence,streets,VerbindStr6,5556
la-tzoumaz,streets,Fahrstraes,3343
la-tzoumaz,streets,NebenStr3,9816
lacleman_gland_kubela,streets,Fussweg,4188
lacleman_gland_kubela,streets,HauptStrAB6,2658
lacleman_gland_kubela,streets,NebenStr3,935
lacleman_gland_lecoanets,streets,Fussweg,4183
lacleman_gland_lecoanets,streets,HauptStrAB6,2641
lacleman_gland_lecoanets,streets,NebenStr3,930
lacleman_vidy_santie,streets,Autobahn,2365
lacleman_vidy_santie,streets,Fahrstraes,2079
lacleman_vidy_santie,streets,Fussweg,4322
lacleman_vidy_santie,streets,HauptStrAB6,3065
lacleman_vidy_santie,streets,NebenStr3,2709
lacleman_vidy_santie,streets,VerbindStr4,2140
lacleman_vidy_santie,streets,VerbindStr6,4120
langete_langenthal_geiserm,streets,HauptStrAB6,1273
langete_langenthal_geiserm,streets,NebenStr3,1711
langete_langenthal_geiserm,streets,VerbindStr4,1222
langete_langenthal_geiserm,streets,VerbindStr6,10350
lavey-la-source,streets,Autobahn,2910
lavey-la-source,streets,Fahrstraes,1105
lavey-la-source,streets,Fussweg,4317
lavey-la-source,streets,HauptStrAB6,2939
lavey-la-source,streets,NebenStr3,10287
lavey-les-bains,streets,Autobahn,3045
lavey-les-bains,streets,Fahrstraes,383
lavey-les-bains,streets,Fussweg,3713
lavey-les-bains,streets,HauptStrAB6,3153
lavey-les-bains,streets,NebenStr3,8761
lavey-les-bains,streets,VerbindStr6,584
lavey-les-bains-2,streets,Autobahn,3052
lavey-les-bains-2,streets,Fahrstraes,280
lavey-les-bains-2,streets,Fussweg,3298
lavey-les-bains-2,streets,HauptStrAB6,3174
lavey-les-bains-2,streets,NebenStr3,8995
lavey-les-bains-2,streets,VerbindStr6,894
le-pierrier,streets,Autobahn,1208
le-pierrier,streets,HauptStrAB4,638
le-pierrier,streets,HauptStrAB6,4872
le-pierrier,streets,NebenStr3,1573
le-pierrier,streets,VerbindStr4,1054
le-port,streets,HauptStrAB6,4655
le-port,streets,NebenStr3,4430
le-port,streets,VerbindStr4,672
les-crosets,streets,Fahrstraes,8146
les-crosets,streets,Fussweg,2906
les-crosets,streets,NebenStr3,1578
les-diablerets,streets,Fahrstraes,3474
les-diablerets,streets,NebenStr3,5408
les-diablerets,streets,VerbindStr6,2621
les-glariers,streets,Autobahn,2944
les-glariers,streets,Fahrstraes,1868
les-glariers,streets,Fussweg,3724
les-glariers,streets,HauptStrAB6,3393
les-glariers,streets,NebenStr3,6460
les-paccots,streets,Fahrstraes,3404
les-paccots,streets,Fussweg,2123
les-paccots,streets,NebenStr3,3475
les-vieux-ronquoz,streets,Autobahn,2976
les-vieux-ronquoz,streets,Fahrstraes,2629
les-vieux-ronquoz,streets,Fussweg,1049
les-vieux-ronquoz,streets,HauptStrAB6,3282
les-vieux-ronquoz,streets,NebenStr3,7443
les-vieux-ronquoz,streets,NebenStr6,594
les-vieux-ronquoz,streets,VerbindStr6,9482
leuk-mattenstrasse,streets,Autobahn,2353
leuk-mattenstrasse,streets,Fahrstraes,4011
leuk-mattenstrasse,streets,HauptStrAB6,2698
leuk-mattenstrasse,streets,NebenStr3,3016
leuk-mattenstrasse,streets,VerbindStr6,7561
lido,streets,HauptStrAB4,1497
lido,streets,HauptStrAB6,6313
lido,streets,NebenStr3,8585
lido,streets,NebenStr6,3024
lido,streets,VerbindStr6,570
ligerz-strand,streets,Autostr,2679
ligerz-strand,streets,Fahrstraes,1037
ligerz-strand,streets,HauptStrAB6,445
ligerz-strand,streets,NebenStr3,1672
ligerz-strand,streets,VerbindStr4,2596
limmat_dietikon_keiserp,streets,Autobahn,3600
limmat_dietikon_keiserp,streets,HauptStrAB6,3655
limmat_dietikon_keiserp,streets,NebenStr3,5427
limmat_dietikon_keiserp,streets,NebenStr6,2799
limmat_dietikon_keiserp,streets,VerbindStr6,1507
limmat_unterengstringen_oggierbuhrer,streets,Autobahn,4965
limmat_unterengstringen_oggierbuhrer,streets,HauptStrAB6,2984
limmat_unterengstringen_oggierbuhrer,streets,NebenStr3,2730
limmat_unterengstringen_oggierbuhrer,streets,NebenStr6,72
limmat_unterengstringen_oggierbuhrer,streets,VerbindStr6,4632
limmat_zuerich_jansena,streets,Autobahn,2299
limmat_zuerich_jansena,streets,HauptStrAB4,4837
limmat_zuerich_jansena,streets,HauptStrAB6,537
limmat_zuerich_jansena,streets,NebenStr3,3860
limmat_zuerich_jansena,streets,NebenStr6,1535
limmat_zuerich_jansena,streets,VerbindStr6,8918
limmat_zuerich_suterdglauserp,streets,HauptStrAB4,1341
limmat_zuerich_suterdglauserp,streets,HauptStrAB6,4835
limmat_zuerich_suterdglauserp,streets,NebenStr3,7111
limmat_zuerich_suterdglauserp,streets,NebenStr6,7184
limmat_zuerich_suterdglauserp,streets,VerbindStr6,3772
limmat_zuerich_wagnerc,streets,Autobahn,2910
limmat_zuerich_wagnerc,streets,HauptStrAB4,3492
limmat_zuerich_wagnerc,streets,HauptStrAB6,1078
limmat_zuerich_wagnerc,streets,NebenStr3,1913
limmat_zuerich_wagnerc,streets,NebenStr6,925
limmat_zuerich_wagnerc,streets,VerbindStr6,7891
limmat_zurich_mortensena_meiera,streets,Autobahn,2255
limmat_zurich_mortensena_meiera,streets,HauptStrAB4,4868
limmat_zurich_mortensena_meiera,streets,HauptStrAB6,482
limmat_zurich_mortensena_meiera,streets,NebenStr3,3951
limmat_zurich_mortensena_meiera,streets,NebenStr6,1647
limmat_zurich_mortensena_meiera,streets,VerbindStr6,8798
linth_mollis,streets,Autob_Ri,1507
linth_mollis,streets,Autobahn,2058
linth_mollis,streets,Fahrstraes,3228
linth_mollis,streets,Fussweg,1992
linth_mollis,streets,NebenStr3,1363
linth_mollis,streets,VerbindStr6,4768
linth_route9brucke,streets,Autob_Ri,5262
linth_route9brucke,streets,Autobahn,376
linth_route9brucke,streets,Fahrstraes,2902
linth_route9brucke,streets,Fussweg,3037
linth_route9brucke,streets,HauptStrAB6,2697
linth_route9brucke,streets,VerbindStr6,255
linthdammweg,streets,Autob_Ri,1070
linthdammweg,streets,Autobahn,2264
linthdammweg,streets,Fahrstraes,3004
linthdammweg,streets,Fussweg,1965
linthdammweg,streets,NebenStr3,1474
linthdammweg,streets,VerbindStr6,4915
lorze_baar_blarere,streets,Fahrstraes,4400
lorze_baar_blarere,streets,HauptStrAB6,2956
lorze_baar_blarere,streets,NebenStr3,2742
lorze_baar_blarere,streets,NebenStr6,1656
lorze_baar_blarere,streets,VerbindStr6,1917
lugano-centro,streets,HauptStrAB6,9262
lugano-centro,streets,NebenStr3,6921
lugano-centro,streets,NebenStr6,3311
lugano-centro,streets,VerbindStr4,1299
lugano-centro,streets,VerbindStr6,1803
luscherz-plage,streets,Fahrstraes,3331
luscherz-plage,streets,VerbindStr4,1449
luscherz-plage,streets,VerbindStr6,1613
luscherz-two,streets,Fahrstraes,3415
luscherz-two,streets,VerbindStr4,1364
luscherz-two,streets,VerbindStr6,1731
magadino-lido,streets,Fahrstraes,2048
magadino-lido,streets,NebenStr3,953
magadino-lido,streets,VerbindStr6,2975
maladaire,streets,Autobahn,901
maladaire,streets,HauptStrAB4,638
maladaire,streets,HauptStrAB6,4555
maladaire,streets,NebenStr3,1260
maladaire,streets,VerbindStr4,2058
mannewil,streets,Fahrstraes,8389
mannewil,streets,NebenStr3,7075
mols-rocks,streets,Autobahn,3163
mols-rocks,streets,Fahrstraes,2560
mols-rocks,streets,Fussweg,343
mols-rocks,streets,HauptStrAB6,3234
monte-generoso,streets,Fussweg,3218
morgins,streets,Fahrstraes,5736
morgins,streets,Fussweg,1747
morgins,streets,NebenStr3,249
morgins,streets,VerbindStr6,3357
muhlehorn-dorf,streets,Autob_Ri,5966
muhlehorn-dorf,streets,Fahrstraes,4788
muhlehorn-dorf,streets,Fussweg,3659
muhlehorn-dorf,streets,HauptStrAB6,3689
muhlehorn-dorf,streets,NebenStr3,2634
muhlehorn-dorf,streets,VerbindStr6,75
mullermatte,streets,Fahrstraes,1747
mullermatte,streets,HauptStrAB6,4381
mullermatte,streets,NebenStr3,6321
mullermatte,streets,VerbindStr4,416
mullermatte,streets,VerbindStr6,634
murg-bad,streets,Autob_Ri,728
murg-bad,streets,Autobahn,2501
murg-bad,streets,Fahrstraes,4748
murg-bad,streets,Fussweg,2003
murg-bad,streets,HauptStrAB6,2977
murg-bad,streets,NebenStr3,1315
murg_waengi_strickerr,streets,Autobahn,2850
murg_waengi_strickerr,streets,Fahrstraes,566
murg_waengi_strickerr,streets,HauptStrAB6,3298
murg_waengi_strickerr,streets,NebenStr3,2432
murg_waengi_strickerr,streets,VerbindStr6,2448
nendaz,streets,Fahrstraes,3490
nendaz,streets,Fussweg,2515
neuenburgersee_cudrefin_mattera,streets,Fahrstraes,2769
neuenburgersee_cudrefin_mattera,streets,Fussweg,2430
neuenburgersee_cudrefin_mattera,streets,NebenStr3,752
neuenburgersee_cudrefin_mattera,streets,VerbindStr6,3337
nidau-strand,streets,Autostr,535
nidau-strand,streets,Fahrstraes,2847
nidau-strand,streets,HauptStrAB6,4006
nidau-strand,streets,NebenStr3,5552
nidau-strand,streets,VerbindStr4,791
nidau-strand,streets,VerbindStr6,3051
nouvelle-plage,streets,Fahrstraes,1710
nouvelle-plage,streets,NebenStr3,4304
nouvelle-plage,streets,VerbindStr6,1962
oben-am-see,streets,Autostr,2832
oben-am-see,streets,Fahrstraes,770
oben-am-see,streets,HauptStrAB6,3497
oben-am-see,streets,NebenStr3,7711
oberi-chlihochstetten,streets,Autobahn,3069
oberi-chlihochstetten,streets,Fahrstraes,3128
oberi-chlihochstetten,streets,HauptStrAB6,3508
oberi-chlihochstetten,streets,NebenStr3,315
oberi-chlihochstetten,streets,VerbindStr6,2606
ognonnaz-1,streets,Autobahn,1538
ognonnaz-1,streets,Fahrstraes,705
ognonnaz-1,streets,HauptStrAB6,6824
ognonnaz-1,streets,NebenStr3,7221
ognonnaz-1,streets,VerbindStr4,633
oyonne,streets,Fahrstraes,705
oyonne,streets,HauptStrAB6,5063
oyonne,streets,NebenStr3,6548
oyonne,streets,VerbindStr4,211
pacha-mama-gerra,streets,Fahrstraes,3936
pacha-mama-gerra,streets,NebenStr3,2131
pacha-mama-gerra,streets,VerbindStr6,2993
parc-des-pierrettes,streets,Autobahn,1685
parc-des-pierrettes,streets,Fahrstraes,1046
parc-des-pierrettes,streets,Fussweg,3257
parc-des-pierrettes,streets,HauptStrAB6,2918
parc-des-pierrettes,streets,NebenStr3,2850
parc-des-pierrettes,streets,VerbindStr4,67
parc-des-pierrettes,streets,VerbindStr6,2864
pecos-plage,streets,Autobahn,3070
pecos-plage,streets,Fahrstraes,1214
pecos-plage,streets,HauptStrAB6,3185
pecos-plage,streets,NebenStr3,3728
pfaffner_rothrist_ischik,streets,Autobahn,1814
pfaffner_rothrist_ischik,streets,Fahrstraes,1690
pfaffner_rothrist_ischik,streets,HauptStrAB6,4003
pfaffner_rothrist_ischik,streets,NebenStr3,4773
pfafikon-bad,streets,Autobahn,1960
pfafikon-bad,streets,HauptStrAB6,4633
pfafikon-bad,streets,NebenStr3,1951
pierrier-sud,streets,Autobahn,1503
pierrier-sud,streets,HauptStrAB4,638
pierrier-sud,streets,HauptStrAB6,4940
pierrier-sud,streets,NebenStr3,2575
pierrier-sud,streets,VerbindStr4,872
plage-de-cheyres,streets,Fahrstraes,5316
plage-de-cheyres,streets,Fussweg,590
plage-de-cheyres,streets,NebenStr3,524
plage-de-cheyres,streets,VerbindStr6,2918
plage-de-dorigny,streets,Autobahn,2626
plage-de-dorigny,streets,Fahrstraes,1561
plage-de-dorigny,streets,Fussweg,3599
plage-de-dorigny,streets,HauptStrAB6,3037
plage-de-dorigny,streets,NebenStr3,2743
plage-de-dorigny,streets,VerbindStr4,1381
plage-de-dorigny,streets,VerbindStr6,3050
plage-de-serriere,streets,Autob_Ri,866
plage-de-serriere,streets,Autobahn,4745
plage-de-serriere,streets,HauptStrAB4,1342
plage-de-serriere,streets,HauptStrAB6,5675
plage-de-serriere,streets,NebenStr3,1521
plage-de-serriere,streets,VerbindStr4,3006
plage-de-st-sulpice,streets,Fahrstraes,462
plage-de-st-sulpice,streets,Fussweg,3221
plage-de-st-sulpice,streets,HauptStrAB6,2863
plage-de-st-sulpice,streets,NebenStr3,2907
plage-de-st-sulpice,streets,VerbindStr6,1375
pointe-dareuse,streets,HauptStrAB6,899
pointe-dareuse,streets,NebenStr3,1788
pont-sous-terre,streets,HauptStrAB6,5964
pont-sous-terre,streets,NebenStr3,11291
pont-sous-terre,streets,VerbindStr4,1132
pont-sous-terre,streets,VerbindStr6,10160
preverenges,streets,Autobahn,1489
preverenges,streets,Fahrstraes,2207
preverenges,streets,Fussweg,3344
preverenges,streets,HauptStrAB6,3027
preverenges,streets,NebenStr3,2954
preverenges,streets,VerbindStr6,1714
preverenges-le-sout,streets,Fahrstraes,2693
preverenges-le-sout,streets,Fussweg,3749
preverenges-le-sout,streets,HauptStrAB6,2642
preverenges-le-sout,streets,NebenStr3,3098
preverenges-le-sout,streets,VerbindStr6,536
quai-maria-belgia,streets,Fahrstraes,1253
quai-maria-belgia,streets,Fussweg,527
quai-maria-belgia,streets,HauptStrAB6,5209
quai-maria-belgia,streets,NebenStr3,6882
rastplatz-stampf,streets,Fahrstraes,1020
rastplatz-stampf,streets,Fussweg,1409
rastplatz-stampf,streets,NebenStr3,1854
reuss,streets,NebenStr3,2774
reuss,streets,VerbindStr6,2486
reuss_hunenberg_eberhardy,streets,Fahrstraes,1225
reuss_hunenberg_eberhardy,streets,NebenStr3,5472
reuss_hunenberg_eberhardy,streets,VerbindStr6,2472
reuss_ottenbach_schoenenbergerl,streets,NebenStr3,3580
reuss_ottenbach_schoenenbergerl,streets,VerbindStr6,4347
reuss_stkarli_linigersimhofy,streets,Autobahn,3083
reuss_stkarli_linigersimhofy,streets,Fussweg,2314
reuss_stkarli_linigersimhofy,streets,HauptStrAB6,5754
reuss_stkarli_linigersimhofy,streets,NebenStr3,6136
reuss_stkarli_linigersimhofy,streets,VerbindStr6,4435
rhein-beach-tinguely,streets,Autob_Ri,2156
rhein-beach-tinguely,streets,Autobahn,1947
rhein-beach-tinguely,streets,Fussweg,3373
rhein-beach-tinguely,streets,HauptStrAB4,297
rhein-beach-tinguely,streets,HauptStrAB6,7171
rhein-beach-tinguely,streets,NebenStr3,8599
rhein-beach-tinguely,streets,NebenStr6,1
rhein-beach-tinguely,streets,VerbindStr4,1009
rhein-beach-tinguely,streets,VerbindStr6,4898
rhein_basel,streets,Autob_Ri,1999
rhein_basel,streets,Autobahn,1848
rhein_basel,streets,Fussweg,2427
rhein_basel,streets,HauptStrAB4,221
rhein_basel,streets,HauptStrAB6,7429
rhein_basel,streets,NebenStr3,14069
rhein_basel,streets,NebenStr6,938
rhein_basel,streets,VerbindStr6,7284
rhein_basel_hungerbuehlern,streets,Autob_Ri,2156
rhein_basel_hungerbuehlern,streets,Autobahn,1992
rhein_basel_hungerbuehlern,streets,Fussweg,3134
rhein_basel_hungerbuehlern,streets,HauptStrAB4,327
rhein_basel_hungerbuehlern,streets,HauptStrAB6,6786
rhein_basel_hungerbuehlern,streets,NebenStr3,9335
rhein_basel_hungerbuehlern,streets,NebenStr6,126
rhein_basel_hungerbuehlern,streets,VerbindStr4,880
rhein_basel_hungerbuehlern,streets,VerbindStr6,5881
rhein_domatems_foppa_f,streets,Autobahn,3003
rhein_domatems_foppa_f,streets,Fahrstraes,6657
rhein_domatems_foppa_f,streets,HauptStrAB6,2938
rhein_eglisau_gomringerp,streets,Fahrstraes,2800
rhein_eglisau_gomringerp,streets,HauptStrAB6,2165
rhein_eglisau_gomringerp,streets,NebenStr3,3984
rhein_hemishofen_stolll,streets,Fahrstraes,5274
rhein_hemishofen_stolll,streets,Fussweg,719
rhein_hemishofen_stolll,streets,HauptStrAB6,2394
rhein_hemishofen_stolll,streets,NebenStr3,989
rhein_hemishofen_stolll,streets,VerbindStr4,1420
rhein_hemishofen_stolll,streets,VerbindStr6,4037
rivapiana,streets,Autostr,2094
rivapiana,streets,HauptStrAB4,211
rivapiana,streets,HauptStrAB6,4096
rivapiana,streets,NebenStr3,11312
rocky-plage,streets,Fussweg,370
rocky-plage,streets,HauptStrAB4,424
rocky-plage,streets,HauptStrAB6,7954
rocky-plage,streets,NebenStr3,9229
rocky-plage,streets,VerbindStr4,826
rocky-plage,streets,VerbindStr6,3392
rolle-plage,streets,Autobahn,2509
rolle-plage,streets,Fahrstraes,3011
rolle-plage,streets,HauptStrAB6,4181
rolle-plage,streets,NebenStr3,3189
rolle-plage,streets,VerbindStr6,2083
route-13,streets,Autostr,1103
route-13,streets,Fahrstraes,3284
route-13,streets,HauptStrAB6,2465
route-13,streets,NebenStr3,9746
route-13,streets,VerbindStr4,3361
route-13,streets,VerbindStr6,2626
ruisseau-de-la-croix-plage,streets,Fahrstraes,4703
ruisseau-de-la-croix-plage,streets,VerbindStr6,2864
saint-sulpice,streets,Fahrstraes,2686
saint-sulpice,streets,Fussweg,4087
saint-sulpice,streets,HauptStrAB6,2501
saint-sulpice,streets,NebenStr3,3420
saint-sulpice,streets,VerbindStr6,183
san-bernardino,streets,Autostr,3064
san-bernardino,streets,Fahrstraes,7190
san-bernardino,streets,Fussweg,2575
san-bernardino,streets,HauptStrAB4,3177
san-nazzaro-gambarogno,streets,Fahrstraes,4190
san-nazzaro-gambarogno,streets,NebenStr3,6062
san-nazzaro-gambarogno,streets,VerbindStr6,3037
schmerikon-bahnhof-strand,streets,Autobahn,2989
schmerikon-bahnhof-strand,streets,Autostr,1022
schmerikon-bahnhof-strand,streets,Fahrstraes,3270
schmerikon-bahnhof-strand,streets,Fussweg,1837
schmerikon-bahnhof-strand,streets,HauptStrAB6,2980
schmerikon-bahnhof-strand,streets,VerbindStr4,560
schmerikon-bahnhof-strand,streets,VerbindStr6,212
schusspark-strand,streets,Autobahn,836
schusspark-strand,streets,Fahrstraes,1549
schusspark-strand,streets,HauptStrAB6,8913
schusspark-strand,streets,NebenStr3,5470
schusspark-strand,streets,VerbindStr4,416
schusspark-strand,streets,VerbindStr6,1185
schutzenmatte,streets,Fahrstraes,887
schutzenmatte,streets,Fussweg,1786
schutzenmatte,streets,HauptStrAB6,3031
schutzenmatte,streets,NebenStr3,4074
schutzenmatte,streets,VerbindStr4,3133
schutzenmatte,streets,VerbindStr6,3166
seeflechsen,streets,Autob_Ri,2865
seeflechsen,streets,Autobahn,1421
seeflechsen,streets,Fahrstraes,2544
seeflechsen,streets,Fussweg,2221
seeflechsen,streets,HauptStrAB6,1196
seeflechsen,streets,NebenStr3,507
seeflechsen,streets,VerbindStr6,4121
seemuhlestrasse-strand,streets,Fahrstraes,4103
seemuhlestrasse-strand,streets,Fussweg,766
seemuhlestrasse-strand,streets,HauptStrAB6,1734
seemuhlestrasse-strand,streets,NebenStr3,6131
seez,streets,Autobahn,2550
seez,streets,Fahrstraes,2545
seez,streets,HauptStrAB6,3130
seez,streets,NebenStr3,4187
seez_spennwiesenbrucke,streets,Autobahn,3061
seez_spennwiesenbrucke,streets,Fahrstraes,5284
seez_spennwiesenbrucke,streets,HauptStrAB6,3251
seez_spennwiesenbrucke,streets,NebenStr3,4504
sempachersee_sempach_tampec,streets,Autobahn,1622
sempachersee_sempach_tampec,streets,Fahrstraes,1487
sempachersee_sempach_tampec,streets,Fussweg,89
sempachersee_sempach_tampec,streets,HauptStrAB6,395
sempachersee_sempach_tampec,streets,NebenStr3,4148
sempachersee_sempach_tampec,streets,VerbindStr4,151
sempachersee_sempach_tampec,streets,VerbindStr6,4497
sense_torishaus_g-cubes,streets,Autobahn,1447
sense_torishaus_g-cubes,streets,Fahrstraes,3223
sense_torishaus_g-cubes,streets,Fussweg,2414
sense_torishaus_g-cubes,streets,HauptStrAB6,858
sense_torishaus_g-cubes,streets,NebenStr3,3271
sense_torishaus_g-cubes,streets,VerbindStr6,912
sentiero-giro-del-golf-spiaggia,streets,Fahrstraes,1166
sentiero-giro-del-golf-spiaggia,streets,NebenStr3,1538
signalpain,streets,Fahrstraes,173
signalpain,streets,HauptStrAB6,3086
signalpain,streets,NebenStr3,6269
signalpain,streets,VerbindStr6,4212
sihl_adliswil_oggi_fort,streets,Autobahn,2139
sihl_adliswil_oggi_fort,streets,Fahrstraes,139
sihl_adliswil_oggi_fort,streets,HauptStrAB6,3167
sihl_adliswil_oggi_fort,streets,NebenStr3,3140
sihl_adliswil_oggi_fort,streets,VerbindStr6,4911
sihl_leimbach_kruegerm,streets,Autobahn,2426
sihl_leimbach_kruegerm,streets,Fahrstraes,1158
sihl_leimbach_kruegerm,streets,HauptStrAB4,212
sihl_leimbach_kruegerm,streets,HauptStrAB6,4223
sihl_leimbach_kruegerm,streets,NebenStr3,1814
sihl_leimbach_kruegerm,streets,VerbindStr6,1526
sihl_menzingen_kucharska_magdalena,streets,Fahrstraes,4453
sihl_menzingen_kucharska_magdalena,streets,NebenStr3,2066
sihl_zuerich_eggerskoehlingera,streets,Autostr,1182
sihl_zuerich_eggerskoehlingera,streets,HauptStrAB6,5164
sihl_zuerich_eggerskoehlingera,streets,NebenStr3,23429
sihl_zuerich_eggerskoehlingera,streets,NebenStr6,1207
sihl_zuerich_eggerskoehlingera,streets,VerbindStr4,2113
sihl_zuerich_eggerskoehlingera,streets,VerbindStr6,4251
sihl_zuerich_eichenbergerd,streets,Autobahn,3900
sihl_zuerich_eichenbergerd,streets,Fahrstraes,1929
sihl_zuerich_eichenbergerd,streets,Fussweg,722
sihl_zuerich_eichenbergerd,streets,HauptStrAB4,127
sihl_zuerich_eichenbergerd,streets,HauptStrAB6,6262
sihl_zuerich_eichenbergerd,streets,NebenStr3,3206
sihl_zuerich_scherfs,streets,Autobahn,673
sihl_zuerich_scherfs,streets,Autostr,55
sihl_zuerich_scherfs,streets,HauptStrAB6,9615
sihl_zuerich_scherfs,streets,NebenStr3,21234
sihl_zuerich_scherfs,streets,NebenStr6,906
sihl_zuerich_scherfs,streets,VerbindStr4,2370
sihl_zuerich_scherfs,streets,VerbindStr6,5909
sihl_zurich_himmelhebern,streets,Autobahn,4113
sihl_zurich_himmelhebern,streets,Fahrstraes,540
sihl_zurich_himmelhebern,streets,Fussweg,1045
sihl_zurich_himmelhebern,streets,HauptStrAB6,7819
sihl_zurich_himmelhebern,streets,NebenStr3,5717
sitter_gaiserwald_buehlerf,streets,Autobahn,2940
sitter_gaiserwald_buehlerf,streets,Fahrstraes,174
sitter_gaiserwald_buehlerf,streets,HauptStrAB6,2151
sitter_gaiserwald_buehlerf,streets,NebenStr3,4245
sitter_gaiserwald_buehlerf,streets,VerbindStr4,748
sitter_gaiserwald_buehlerf,streets,VerbindStr6,4658
sitter_stgallen_jennya,streets,Autobahn,2728
sitter_stgallen_jennya,streets,Fahrstraes,1604
sitter_stgallen_jennya,streets,Fussweg,696
sitter_stgallen_jennya,streets,HauptStrAB4,288
sitter_stgallen_jennya,streets,HauptStrAB6,4005
sitter_stgallen_jennya,streets,NebenStr3,3320
sitter_stgallen_jennya,streets,VerbindStr4,2382
sitter_stgallen_jennya,streets,VerbindStr6,1660
sitter_stgallen_steinbrunnerf,streets,Autobahn,2718
sitter_stgallen_steinbrunnerf,streets,Fahrstraes,1425
sitter_stgallen_steinbrunnerf,streets,HauptStrAB6,2187
sitter_stgallen_steinbrunnerf,streets,NebenStr3,4476
sitter_stgallen_steinbrunnerf,streets,VerbindStr6,3250
sorne_birse_wwfjura,streets,Fahrstraes,3445
sorne_birse_wwfjura,streets,HauptStrAB6,4238
sorne_birse_wwfjura,streets,NebenStr3,4037
sorne_birse_wwfjura,streets,VerbindStr6,1101
spackmatt,streets,Fahrstraes,1104
spackmatt,streets,Fussweg,1949
spackmatt,streets,HauptStrAB6,2651
spackmatt,streets,NebenStr3,7062
spackmatt,streets,VerbindStr6,3535
spiaggia-parco-ciani,streets,HauptStrAB4,1390
spiaggia-parco-ciani,streets,HauptStrAB6,7115
spiaggia-parco-ciani,streets,NebenStr3,8960
spiaggia-parco-ciani,streets,NebenStr6,3028
spiaggia-parco-ciani,streets,VerbindStr6,843
strandbeiz,streets,Fahrstraes,1155
strandbeiz,streets,Fussweg,1341
strandbeiz,streets,NebenStr3,2090
strandboden-biel,streets,Autostr,365
strandboden-biel,streets,Fahrstraes,1714
strandboden-biel,streets,HauptStrAB6,4565
strandboden-biel,streets,NebenStr3,6214
strandboden-biel,streets,VerbindStr4,889
strandboden-biel,streets,VerbindStr6,981
sundbach-strand,streets,NebenStr3,2946
sundbach-strand,streets,VerbindStr6,3302
thun-strandbad,streets,HauptStrAB4,1608
thun-strandbad,streets,HauptStrAB6,2624
thun-strandbad,streets,NebenStr3,5325
thun-strandbad,streets,NebenStr6,299
thun-strandbad,streets,VerbindStr6,2184
thunersee_spiez_meierd_1,streets,Autobahn,1294
thunersee_spiez_meierd_1,streets,Fahrstraes,1770
thunersee_spiez_meierd_1,streets,HauptStrAB6,2915
thur_schwarzenbach_meiliw,streets,Autobahn,2144
thur_schwarzenbach_meiliw,streets,Autostr,914
thur_schwarzenbach_meiliw,streets,Fahrstraes,849
thur_schwarzenbach_meiliw,streets,HauptStrAB6,2913
thur_schwarzenbach_meiliw,streets,NebenStr3,4148
thur_schwarzenbach_meiliw,streets,VerbindStr6,3806
tiger-duck-beach,streets,Autobahn,2640
tiger-duck-beach,streets,Fahrstraes,1472
tiger-duck-beach,streets,Fussweg,3377
tiger-duck-beach,streets,HauptStrAB6,3046
tiger-duck-beach,streets,NebenStr3,2792
tiger-duck-beach,streets,VerbindStr4,1357
tiger-duck-beach,streets,VerbindStr6,2847
tolochenaz,streets,Autobahn,2549
tolochenaz,streets,Fahrstraes,3383
tolochenaz,streets,HauptStrAB4,749
tolochenaz,streets,HauptStrAB6,4104
tolochenaz,streets,NebenStr3,1415
tolochenaz,streets,VerbindStr4,300
tolochenaz,streets,VerbindStr6,944
toss_bauma_kurthe,streets,Fahrstraes,1075
toss_bauma_kurthe,streets,HauptStrAB6,3261
toss_bauma_kurthe,streets,NebenStr3,2508
toss_bauma_kurthe,streets,VerbindStr6,1637
toss_kollbrunn_burgid,streets,HauptStrAB6,3656
toss_kollbrunn_burgid,streets,NebenStr3,5145
toss_winterthur-2,streets,Autobahn,2963
toss_winterthur-2,streets,Fahrstraes,4419
toss_winterthur-2,streets,HauptStrAB4,1039
toss_winterthur-2,streets,HauptStrAB6,4952
toss_winterthur-2,streets,NebenStr3,6790
toss_winterthur-2,streets,NebenStr6,1568
tschilljus,streets,Autobahn,1635
tschilljus,streets,Fahrstraes,1000
tschilljus,streets,HauptStrAB6,2043
tschilljus,streets,NebenStr3,4859
tschilljus,streets,VerbindStr6,3045
unterdsee_ermatingen_brunkem,streets,Fahrstraes,920
unterdsee_ermatingen_brunkem,streets,HauptStrAB6,2928
unterdsee_ermatingen_brunkem,streets,NebenStr3,6241
untertenzen,streets,Autobahn,2895
untertenzen,streets,Fahrstraes,640
untertenzen,streets,HauptStrAB6,3007
untertenzen,streets,NebenStr3,2634
urnaesch_urnaesch_meierr,streets,Fahrstraes,3480
urnaesch_urnaesch_meierr,streets,Fussweg,2334
urnaesch_urnaesch_meierr,streets,NebenStr3,2386
urnaesch_urnaesch_meierr,streets,VerbindStr6,5563
val-calanca,streets,Fahrstraes,3561
val-calanca,streets,Fussweg,1835
val-calanca,streets,NebenStr3,3122
verbier,streets,Fahrstraes,6789
verbier,streets,Fussweg,1867
verbier,streets,NebenStr3,4477
verbier,streets,VerbindStr4,846
verbier,streets,VerbindStr6,1462
versoix,streets,HauptStrAB6,3314
versoix,streets,NebenStr3,5339
versoix,streets,VerbindStr6,593
veveyse,streets,Fahrstraes,2057
veveyse,streets,Fussweg,692
veveyse,streets,HauptStrAB6,4971
veveyse,streets,NebenStr3,6999
veysonnaz,streets,Fahrstraes,3430
veysonnaz,streets,Fussweg,2558
veysonnaz,streets,NebenStr3,3087
via-brunari-spiaggia,streets,Autobahn,3035
via-brunari-spiaggia,streets,Fahrstraes,1262
via-brunari-spiaggia,streets,Fussweg,2980
via-brunari-spiaggia,streets,HauptStrAB6,3545
via-brunari-spiaggia,streets,NebenStr3,8707
via-mirasole-spiaggia,streets,Autobahn,3060
via-mirasole-spiaggia,streets,Fahrstraes,1348
via-mirasole-spiaggia,streets,Fussweg,3026
via-mirasole-spiaggia,streets,HauptStrAB6,3938
via-mirasole-spiaggia,streets,NebenStr3,9525
vidy,streets,Autobahn,1592
vidy,streets,Fahrstraes,2079
vidy,streets,Fussweg,4055
vidy,streets,HauptStrAB6,2323
vidy,streets,NebenStr3,1361
vidy,streets,VerbindStr4,2671
vidy,streets,VerbindStr6,4515
vidy-ruines,streets,Autobahn,1839
vidy-ruines,streets,Fahrstraes,2079
vidy-ruines,streets,Fussweg,4341
vidy-ruines,streets,HauptStrAB6,3102
vidy-ruines,streets,NebenStr3,1358
vidy-ruines,streets,VerbindStr4,2257
vidy-ruines,streets,VerbindStr6,4709
vierwaldstattersee_weggis_schoberls_1,streets,HauptStrAB6,3159
vierwaldstattersee_weggis_schoberls_1,streets,NebenStr3,546
vierwaldstattersee_weggis_schoberls_2,streets,HauptStrAB6,2975
vierwaldstattersee_weggis_schoberls_2,streets,NebenStr3,682
vierwaldstattersee_weggis_schoberls_3,streets,Fahrstraes,1198
vierwaldstattersee_weggis_schoberls_3,streets,HauptStrAB6,1176
vierwaldstattersee_weggis_schoberls_3,streets,NebenStr3,3014
villa-barton,streets,Fahrstraes,956
villa-barton,streets,Fussweg,564
villa-barton,streets,HauptStrAB6,6452
villa-barton,streets,NebenStr3,5232
villa-barton,streets,VerbindStr4,21
villa-barton,streets,VerbindStr6,928
villars,streets,Fahrstraes,7008
villars,streets,Fussweg,1606
vira-gambarogno,streets,Fahrstraes,612
vira-gambarogno,streets,NebenStr3,6238
vira-gambarogno,streets,VerbindStr6,3047
vira-spiaggia-left-of-river,streets,Fahrstraes,369
vira-spiaggia-left-of-river,streets,NebenStr3,6529
vira-spiaggia-left-of-river,streets,VerbindStr6,3042
vorderrhein_disentis_schmidn,streets,Fahrstraes,6859
vorderrhein_disentis_schmidn,streets,Fussweg,1426
vorderrhein_disentis_schmidn,streets,HauptStrAB6,3325
vorderrhein_disentis_schmidn,streets,NebenStr3,2085
vorderrhein_disentis_schmidn,streets,VerbindStr6,3078
walensee_walenstadt_wysse,streets,Autobahn,2134
walensee_walenstadt_wysse,streets,Fahrstraes,2778
walensee_walenstadt_wysse,streets,HauptStrAB6,2929
walensee_walenstadt_wysse,streets,NebenStr3,4934
weissenau-neuhaus,streets,Fahrstraes,425
weissenau-neuhaus,streets,NebenStr3,694
weissenau-neuhaus,streets,VerbindStr4,997
weissenau-neuhaus,streets,VerbindStr6,3159
wycheley,streets,Autostr,3019
wycheley,streets,Fahrstraes,1375
wycheley,streets,HauptStrAB6,2680
wycheley,streets,NebenStr3,9219
zuerichsee_maennedorf_vanderkaadene,streets,HauptStrAB6,3060
zuerichsee_maennedorf_vanderkaadene,streets,NebenStr3,5620
zuerichsee_richterswil_benkoem_2,streets,HauptStrAB6,4467
zuerichsee_richterswil_benkoem_2,streets,NebenStr3,2892
zuerichsee_richterswil_benkoem_2,streets,VerbindStr4,211
zuerichsee_richterswil_benkoem_2,streets,VerbindStr6,7
zuerichsee_staefa_hennm,streets,HauptStrAB6,3021
zuerichsee_staefa_hennm,streets,NebenStr3,2130
zuerichsee_staefa_hennm,streets,VerbindStr6,1274
zuerichsee_waedenswil_colomboc_1,streets,HauptStrAB6,3592
zuerichsee_waedenswil_colomboc_1,streets,NebenStr3,3373
zuerichsee_zurich_kullg,streets,HauptStrAB4,545
zuerichsee_zurich_kullg,streets,HauptStrAB6,6945
zuerichsee_zurich_kullg,streets,NebenStr3,7189
zuerichsee_zurich_kullg,streets,VerbindStr6,758
zugersee_immensee_guedesd,streets,Fahrstraes,1966
zugersee_immensee_guedesd,streets,Fussweg,2528
zugerseecholler_cham_blarerm,streets,Autobahn,1454
zugerseecholler_cham_blarerm,streets,Autostr,624
zugerseecholler_cham_blarerm,streets,Fahrstraes,1619
zugerseecholler_cham_blarerm,streets,Fussweg,1896
zugerseecholler_cham_blarerm,streets,HauptStrAB6,3418
zugerseecholler_cham_blarerm,streets,NebenStr3,2022
zugerseecholler_cham_blarerm,streets,VerbindStr6,80
zulg_steffisburg_schmassmanne,streets,Autostr,731
zulg_steffisburg_schmassmanne,streets,Fahrstraes,703
zulg_steffisburg_schmassmanne,streets,HauptStrAB6,2606
zulg_steffisburg_schmassmanne,streets,NebenStr3,5581
zulg_steffisburg_schmassmanne,streets,VerbindStr4,2504
zulg_steffisburg_schmassmanne,streets,VerbindStr6,5015
zurcher-strand,streets,Autobahn,1456
zurcher-strand,streets,HauptStrAB4,545
zurcher-strand,streets,HauptStrAB6,10272
zurcher-strand,streets,NebenStr3,13539
zurcher-strand,streets,NebenStr6,846
zurcher-strand,streets,VerbindStr4,2370
zurcher-strand,streets,VerbindStr6,4482
zurichsee-feldeggstr-banningersand,streets,HauptStrAB4,545
zurichsee-feldeggstr-banningersand,streets,HauptStrAB6,9169
zurichsee-feldeggstr-banningersand,streets,NebenStr3,11175
zurichsee-feldeggstr-banningersand,streets,NebenStr6,1382
zurichsee-feldeggstr-banningersand,streets,VerbindStr4,613
zurichsee-feldeggstr-banningersand,streets,VerbindStr6,1127
zurichsee_kusnachterhorn_thirkell-whitej,streets,HauptStrAB6,2982
zurichsee_kusnachterhorn_thirkell-whitej,streets,NebenStr3,2564
zurichsee_kusnachterhorn_thirkell-whitej,streets,NebenStr6,3218
zurichsee_wollishofen_langendorfm,streets,Autobahn,2487
zurichsee_wollishofen_langendorfm,streets,HauptStrAB6,8214
zurichsee_wollishofen_langendorfm,streets,NebenStr3,6129
zurichsee_wollishofen_langendorfm,streets,VerbindStr6,361
