slug,location,latitude,longitude,water_name,city,river_bassin
aabach,Aabach,47.220989,8.940365,Zürichsee,Schmerikon,linth
aare-limmatspitz,Aare Limmatspitz,47.50106,8.237371,Aare,Gebenstorf,aare
aare-port,Aare Port,47.11617,7.26955,Nidau-Büren-Kanal,Port,aare
aare-solothurn-lido-strand,Aare Solothurn Lido Strand,47.196949,7.521643,Aare,Solothurn,aare
aare_bern_caveltin,Aare_Bern_CaveltiN,46.9235788,7.4733191,Aare,Muri bei Bern,aare
aare_bern_gerberm,Aare_bern_gerberm,46.9893631,7.4520977,Aare,Bern,aare
aare_bern_scheurerk,aare_bern_scheurerk,46.9709672,7.4525857,Aare,Bern,aare
aare_brugg_buchie,Aare_Brugg_BuchiE,47.4948553,8.2365581,Aare,Brugg,aare
aare_elfenau_cataldiv,Aare_Elfenau_cataldiv,46.9310201,7.4629605,Aare,Bern,aare
aare_kehrsatz_stolten,aare_kehrsatz_stolten,46.9235719,7.4883011,Aare,Belp,aare
aare_koniz_hoppej,aare_köniz_hoppej,46.9345885,7.4581703,Aare,Köniz,aare
aare_post,Aare_post,47.116665,7.271953,Nidau-Büren-Kanal,Port,aare
aare_rupperswil_badert,aare_rupperswil_badert,47.410309,8.1125537,Aare,Rupperswil,aare
aare_solothurn_nguyena,aare_solothurn_nguyena,47.1977495,7.5242247,Aare,Solothurn,aare
aare_suhrespitz_badert,aare_suhrespitz_badert,47.4056692,8.066018,Aare,Aarau,aare
aarezufluss_bern_scheurerk,aarezufluss_bern_scheurerk,46.9710097,7.4527897,Aare,Bern,aare
anarchy-beach,Anarchy Beach,46.447216,6.859612,Lac Léman,La Tour-de-Peilz,rhone
arabie,Arabie,46.462099,6.834972,Lac Léman,Vevey,rhone
arve_carouge_battistellak,arve_carouge_battistellak,46.1784912,6.1543187,Arve,Veyrier,rhone
ascona-traghetto-spiaggia,Ascona traghetto spiaggia,46.153882,8.76848,Lago Maggiore,Ascona,ticino
augustmutzenbergstrandweg,AugustMützenbergStrandweg,46.68664,7.68976,Thunersee,Spiez,aare
baby-plage-geneva,Baby Plage Geneva,46.208558,6.162923,Lac Léman,Genève,rhone
baby-plage-ii-geneve,Baby-Plage II Genève,46.20894,6.16433,Lac Léman,Genève,rhone
bagno-pubblico-ascona,Bagno Pubblico Ascona,46.147565,8.779144,Lago Maggiore,Ascona,ticino
bain-des-dames,Bain des Dames,46.4505068,6.8580918,Lac Léman,La Tour-de-Peilz,rhone
baye-de-clarens,Baye de Clarens,46.439787,6.888903,Lac Léman,Montreux,rhone
baye-de-montreux-d,Baye de Montreux D,46.430962,6.908673,Lac Léman,Montreux,rhone
baye-de-montreux-g,Baye de Montreux G,46.430834,6.908778,Lac Léman,Montreux,rhone
beich,Beich,47.048495,7.200528,Aare,Walperswil,aare
berlingen-swisslitterreport,Berlingen swisslitterreport,47.6724312,9.0110553,Untersee,Berlingen,rhine
bern-fahrstrasse,Bern Fahrstrasse,46.975866,7.44421,Aare,Bern,aare
bern-tiergarten,Bern Tiergarten,46.9331574,7.4520041,Aare,Bern,aare
bielersee_vinelz_fankhausers,Bielersee_Vinelz_FankhauserS,47.0383984,7.1083114,Bielersee,Vinelz,aare
birs_basel_grunern,Birs_Basel_GrunerN,47.5511276,7.6221988,Birs,Basel,aare
birs_basel_laderachs,Birs_basel_lÃ¤derachs,47.5460497,7.6225981,Birs,Basel,aare
birs_reinach_dinuccin,Birs_Reinach_DiNucciN,47.5036817,7.6070085,Birs,Reinach (BL),aare
birskopfli-rusco,Birsköpfli Rusco,47.5577429,7.6172916,Birs,Birsfelden,aare
bodensee_altenrhein_caluoria,bodensee_altenrhein_caluoria,47.4865069,9.5439664,Bodensee,Thal,rhine
bodensee_arbon_moslis,Bodensee_Arbon_MosliS,47.5208887,9.431144,Bodensee,Arbon,rhine
bodensee_horn_huberm,bodensee_horn_huberm,47.4982757,9.4569782,Bodensee,Horn,rhine
bodensee_steinach_dolder_a,Bodensee_Steinach_Dolder_A,47.5062992,9.4361714,Bodensee,Steinach,rhine
bodensee_thal_schlachterj_1,bodensee_thal_schlachterj_1,47.4862163,9.5439099,Bodensee,Thal,rhine
boiron,Boiron,46.4910297,6.4801618,Lac Léman,Tolochenaz,rhone
brugg-be-buren-bsg-standort,Brügg BE Büren BSG Standort,47.12222,7.28141,Nidau-Büren-Kanal,Brügg,aare
camp-des-peches,Camp des pêches,47.052812,7.074053,Bielersee,Le Landeron,aare
camping-gwatt-strand,Camping Gwatt Strand,46.72714,7.62962,Thunersee,Thun,aare
canale-saleggi,Canale saleggi,46.2006245,9.015853,Ticino,Bellinzona,ticino
caprino,caprino,45.9879627,8.9862407,Lago di Lugano,Lugano,ticino
chriesbach_duebendorf_schneidera,chriesbach_duebendorf_schneidera,47.4029195,8.6051458,Chriesbach,Dübendorf,rhine
cabanes-des-diablerets,Cabanes des Diablerets,46.338604,7.215525,Alpes Vaudoises,Ormont-Dessus,les-alpes
crans-montana,Crans-Montana,46.334214,7.479386,Alpes Valaisannes,Lens,les-alpes
les-crosets,Tour Les Crosets,46.183591,6.832916,Alpes Valaisannes,Val-d'Illiez,les-alpes
morgins,Morgins,46.236681,6.858132,Alpes Valaisannes,Troistorrents,les-alpes
nendaz,Nendaz,46.162099,7.283486,Alpes Valaisannes,Nendaz,les-alpes
verbier,Verbier,46.103981,7.22476,Alpes Valaisannes,Val de Bagnes,les-alpes
veysonnaz,Veysonnaz,46.180334,7.366005,Alpes Valaisannes,Nendaz,les-alpes
airolo,Airolo,46.514257,8.607884,Alpes Lépontines,Airolo,les-alpes
andermatt,Andermatt,46.618327,8.598803,Alpes Uranaises,Andermatt,les-alpes
charmey,Charmey,46.622641,7.189341,Préalpes Fribourgeoises,Val-de-Charmey,les-alpes
grindelwald,Grindelwald,46.658523,8.065323,Alpes Bernoises,Grindelwald,les-alpes
la-berra,La Berra,46.677399,7.178738,Préalpes Fribourgeoises,La Roche,les-alpes
la-robella,Robella,46.875905,6.548577,Massif du Jura,Val-de-Travers,les-alpes
la-tzoumaz,La Tzoumaz,46.144287,7.232897,Alpes Valaisannes,Riddes,les-alpes
les-diablerets,Les Diablerets,46.346141,7.151228,Alpes Vaudoises,Ormont-Dessus,les-alpes
les-paccots,Les Paccots,46.512592,6.949421,Préalpes Fribourgeoises,Châtel-Saint-Denis,les-alpes
san-bernardino,San Bernardino,46.445947,9.191344,Alpes Lépontines,Mesocco,les-alpes
val-calanca,Val Calanca,46.330718,9.120103,Alpes Lépontines,Calanca,les-alpes
vercorin,Vercorin,46.229296,7.529154,Alpes Valaisannes,Chalais,les-alpes
villars,Villars,46.321937,7.073841,Alpes Vaudoises,Ollon,les-alpes
cudrefin-alternate,Cudrefin alternate,46.96397,7.027448,Neuenburgersee,Cudrefin,aare
cully-plage,Cully plage,46.4888866,6.7413961,Lac Léman,Bourg-en-Lavaux,rhone
delta-park,Delta park,46.720078,7.635304,Thunersee,Spiez,aare
detligen-kraftwerk,detligen kraftwerk,47.00545,7.244617,Aare,Radelfingen,aare
emme_biberist_jennim,emme_biberist_jennim,47.1692208,7.5589948,Emme,Biberist,aare
emme_luterbach_huggenbergerk,emme_luterbach_huggenbergerk,47.2119442,7.5740144,Emme,Zuchwil,aare
emme_utzenstorf_gruttert,Emme_Utzenstorf_Grüttert,47.123696,7.539627,Emme,Utzenstorf,aare
erlach-camping-strand,Erlach camping strand,47.047159,7.097854,Bielersee,Erlach,aare
evole-plage,Evole plage,46.989477,6.92392,Neuenburgersee,Neuchâtel,aare
flibach-river-right-bank,Flibach River Right bank,47.133742,9.105461,Walensee,Weesen,linth
foce-del-cassarate,Foce del Cassarate,46.002411,8.961477,Cassarate,Lugano,ticino
gals-reserve,Gals reserve,47.0462719,7.0850075,Bielersee,Gals,aare
gasi-strand,Gäsi Strand,47.128442,9.110831,Walensee,Weesen,linth
gerra-gambarogno,gerra-gambarogno,46.123366,8.785786,Lago Maggiore,Gambarogno,ticino
glatt_oerlikon_covosn,glatt_oerlikon_covosN,47.4167691,8.566712,Glatt,Opfikon,rhine
goldach_goldach_schlachterj,goldach_goldach_schlachterj,47.4739111,9.4593094,Goldach,Goldach,rhine
golene-gudo,golene gudo,46.1706553,8.946657,Ticino,Bellinzona,ticino
grand-clos,Grand Clos,46.387746,6.843686,Lac Léman,Saint-Gingolph,rhone
greifensee_fallanden_meistery,greifensee_fällanden_meistery,47.3609381,8.6537228,Greifensee,Fällanden,rhine
greifensee_fallanden_simmenc,greifensee_fällanden_simmenc,47.3597141,8.6548433,Greifensee,Fällanden,rhine
greifensee_greifensee_simmenc,greifensee_greifensee_simmenc,47.3635723,8.6756991,Greifensee,Greifensee,rhine
greifensee_maur_simmenc,greifensee_maur_simmenc,47.3323864,8.6855146,Greifensee,Maur,rhine
greifensee_uster_fischerb_-2,greifensee_uster_fischerb_ 2,47.347436,8.6898805,Greifensee,Uster,rhine
greifensee_uster_fischerb_1,greifensee_uster_fischerb_1,47.3501274,8.6897972,Greifensee,Uster,rhine
grendelbach_effretikon_dambonec,Grendelbach_Effretikon_DamboneC,47.4256491,8.6907062,Grändelbach,Illnau-Effretikon,rhine
gummligrabbe,Gummligrabbe,46.98929,7.25073,Aare,Kallnach,aare
hafeli,Häfeli,46.6902834,7.8985922,Brienzersee,Bönigen,aare
hauterive-petite-plage,Hauterive Petite plage,47.010797,6.980304,Neuenburgersee,Hauterive (NE),aare
impromptu_cudrefin,Impromptu_Cudrefin,46.964496,7.027936,Neuenburgersee,Cudrefin,aare
inn_pradella_kohlt,Inn_Pradella_KohlT,46.800876,10.319994,Inn,Scuol,rhine
isole-di-brissago-porto,Isole di Brissago porto,46.13276,8.73503,Lago Maggiore,Brissago,ticino
jardin-botanique,Jardin Botanique,46.2259088,6.1493572,Lac Léman,Genève,rhone
jona-river-rastplatz,Jona river Rastplatz,47.2161,8.84443,Jona,Rapperswil-Jona,linth
jona_tann_nusslin,jona_tann_nusslin,47.2684272,8.8641251,Jona,Dürnten,linth
katzenbach_zuerich_sanesim,katzenbach_zuerich_sanesim,47.4284728,8.513088,Katzensee,Zürich,linth
katzensee_regensdorfzuerichaffoltern_stueberj,katzensee_regensdorfzuerichaffoltern_stueberj,47.4311281,8.4929243,Katzensee,Zürich,linth
kusnachter-dorfbach-tobelweg-1-4,Küsnachter Dorfbach Tobelweg 1-4,47.31777,8.588258,Dorfbach,Küsnacht (ZH),linth
la-morges,La Morges,46.504063,6.494099,Lac Léman,Morges,rhone
la-pecherie,La Pêcherie,46.4639187,6.3857321,Lac Léman,Allaman,rhone
la-petite-plage,La Petite plage,46.785054,6.656877,Neuenburgersee,Yverdon-les-Bains,aare
la-thiele_le-mujon_confluence,La Thièle_Le Mujon_confluence,46.77534,6.6309,La Thièle,Yverdon-les-Bains,aare
lac-leman-hammerdirt,Lac Léman Hammerdirt,46.4503892,6.8582342,Lac Léman,La Tour-de-Peilz,rhone
lacleman_gland_kubela,lacléman_gland_kubela,46.4028693,6.2819358,Lac Léman,Gland,rhone
lacleman_gland_lecoanets,Lacléman_Gland_LecoanetS,46.4028106,6.2819586,Lac Léman,Gland,rhone
lacleman_vidy_santie,lacléman_vidy_santie,46.5183178,6.5896078,Lac Léman,Lausanne,rhone
langete_langenthal_geiserm,langete_langenthal_geiserm,47.2165332,7.7923041,Langeten,Langenthal,aare
lavey-la-source,Lavey la source,46.200804,7.021866,Rhône,Lavey-Morcles,rhone
lavey-les-bains,Lavey les bains,46.2051587,7.012722,Rhône,Lavey-Morcles,rhone
lavey-les-bains-2,lavey les bains-2,46.207726,7.011685,Rhône,Lavey-Morcles,rhone
le-pierrier,Le Pierrier,46.439727,6.888968,Lac Léman,Montreux,rhone
le-port,Le Port,46.452245,6.85518,Lac Léman,La Tour-de-Peilz,rhone
les-glariers,Les Glariers,46.176736,7.228925,Rhône,Riddes,rhone
les-vieux-ronquoz,Les Vieux Ronquoz,46.2220487,7.361664,Rhône,Sion,rhone
leuk-mattenstrasse,leuk mattenstrasse,46.3147545,7.6225205,Rhône,Leuk,rhone
lido,Lido,46.0020045,8.9621558,Lago di Lugano,Lugano,ticino
ligerz-strand,Ligerz strand,47.083979,7.135894,Bielersee,Ligerz,aare
limmat_dietikon_keiserp,limmat_dietikon_keiserp,47.4079891,8.4095398,Limmat,Dietikon,linth
limmat_unterengstringen_oggierbuhrer,Limmat_Unterengstringen_OggierBührer,47.4094003,8.4469334,Limmat,Unterengstringen,linth
limmat_zuerich_jansena,Limmat_Zuerich_JansenA,47.4000247,8.4846847,Limmat,Zürich,linth
limmat_zuerich_suterdglauserp,limmat_zuerich_suterd&glauserp,47.3945393,8.5134435,Limmat,Zürich,linth
limmat_zuerich_wagnerc,Limmat_Zuerich_WagnerC,47.4034956,8.4777701,Limmat,Zürich,linth
limmat_zurich_mortensena_meiera,limmat_zürich_mortensena_meiera,47.4002515,8.485411,Limmat,Zürich,linth
linth_mollis,Linth_Mollis,47.13137,9.094768,Linthkanal,Glarus Nord,linth
linth_route9brucke,Linth_Route9brücke,47.12573,9.11734,Escherkanal,Glarus Nord,linth
linthdammweg,Linthdammweg,47.13179,9.09191,Linthkanal,Weesen,linth
lorze_baar_blarere,Lorze_Baar_BlarerE,47.1954019,8.540237,Lorze,Baar,linth
lotschebach_bern_scheurerk,lötschebach_bern_scheurerk,46.964946,7.4928359,Lötschebach,Ostermundigen,aare
lugano-centro,Lugano centro,46.002627,8.950724,Lago di Lugano,Lugano,ticino
luscherz-plage,Lüscherz plage,47.0479551,7.151242,Bielersee,Lüscherz,aare
luscherz-two,Lüscherz two,47.047519,7.1528292,Bielersee,Lüscherz,aare
magadino-lido,Magadino lido,46.1493486,8.8556628,Lago Maggiore,Gambarogno,ticino
maladaire,Maladaire,46.446296,6.87696,Lac Léman,La Tour-de-Peilz,rhone
mammern-swisslitterreport,Mammern swisslitterreport,47.6558366,8.9553168,Untersee,Steckborn,rhine
mannewil,Mannewil,46.996382,7.239024,Aare,Kallnach,aare
moesa-junction,Moesa junction,46.2198649,9.0434338,Moesa,Arbedo-Castione,0
mols-rocks,mols rocks,47.1143432,9.2881737,Walensee,Quarten,linth
monte-generoso,Monte Generoso,45.929625,9.019921,Alpes Lépontines,Rovio,les-alpes
muhlehorn-dorf,Mühlehorn dorf,47.118448,9.172124,Walensee,Glarus Nord,linth
mullermatte,Müllermatte,47.133339,7.227907,Bielersee,Biel/Bienne,aare
murg-bad,Murg Bad,47.115307,9.215691,Walensee,Quarten,linth
murg_waengi_strickerr,Murg_Waengi_StrickerR,47.49361,8.9615928,Murg,Wängi,rhine
neuenburgersee_cudrefin_mattera,Neuenburgersee_Cudrefin_MatterA,46.9627089,7.0259681,Neuenburgersee,Cudrefin,aare
nidau-strand,Nidau strand,47.127196,7.232613,Bielersee,Nidau,aare
nouvelle-plage,Nouvelle plage,46.8566464,6.848428,Neuenburgersee,Estavayer,aare
oben-am-see,Oben am see,46.74445107,8.0499211,Brienzersee,Brienz (BE),aare
oberi-chlihochstetten,Oberi Chlihöchstetten,46.896025,7.532114,Aare,Rubigen,aare
ognonnaz-1,Ognonnaz 1,46.4599413,6.8591341,Ognonnaz,Vevey,rhone
oyonne,Oyonne,46.456682,6.852262,Lac Léman,La Tour-de-Peilz,rhone
pacha-mama-gerra,pacha mama-gerra,46.123473,8.783508,Lago Maggiore,Gambarogno,ticino
parc-des-pierrettes,Parc des Pierrettes,46.515215,6.575531,Lac Léman,Saint-Sulpice (VD),rhone
pecos-plage,Pécos Plage,46.80359,6.63665,Neuenburgersee,Grandson,aare
pfaffner_rothrist_ischik,Pfaffner_Rothrist_Ischik,47.2985678,7.8994664,Pfaffnern,Rothrist,aare
pfafikon-bad,Pfäfikon bad,47.206766,8.774182,Zürichsee,Freienbach,linth
pierrier-sud,Pierrier sud,46.4395601,6.8910001,Lac Léman,Montreux,rhone
plage-de-cheyres,Plage de Cheyres,46.818689,6.782256,Neuenburgersee,Cheyres-Châbles,aare
plage-de-dorigny,Plage de Dorigny,46.518169,6.583319,Lac Léman,Saint-Sulpice (VD),rhone
plage-de-serriere,Plage de Serrière,46.98485,6.91345,Neuenburgersee,Neuchâtel,aare
plage-de-st-sulpice,Plage de St Sulpice,46.513265,6.570977,Lac Léman,Saint-Sulpice (VD),rhone
pointe-dareuse,Pointe d'Areuse,46.94619,6.87097,Neuenburgersee,Boudry,aare
pont-sous-terre,Pont sous-terre,46.2029598,6.13157672,Rhône,Genève,rhone
preverenges,Préverenges,46.51269,6.527657,Lac Léman,Préverenges,rhone
preverenges-le-sout,preverenges-le sout,46.5089049,6.5345263,Lac Léman,Préverenges,rhone
quai-maria-belgia,Quai Maria Belgia,46.460156,6.836718,Lac Léman,Vevey,rhone
rastplatz-stampf,Rastplatz Stampf,47.215177,8.844286,Zürichsee,Rapperswil-Jona,linth
reuss,Reuss,47.3298691,8.3568493,Reuss,Bremgarten (AG),linth
reuss_hunenberg_eberhardy,reuss_hünenberg_eberhardy,47.2329755,8.4010121,Reuss,Hünenberg,linth
reuss_ottenbach_schoenenbergerl,reuss_ottenbach_schoenenbergerl,47.2783545,8.3942242,Reuss,Merenschwand,linth
reuss_stkarli_linigersimhofy,Reuss_St.Karli_LinigerS/ImhofY,47.0571118,8.2879145,Reuss,Luzern,linth
rhein-beach-tinguely,Rhein Beach Tinguely,47.5586439,7.6121536,Rhein,Basel,rhine
rhein_basel,Rhein_Basel,47.5568018,7.6010856,Rhein,Basel,rhine
rhein_basel_hungerbuehlern,Rhein_Basel_HungerbuehlerN,47.5582176,7.6103488,Rhein,Basel,rhine
rhein_domatems_foppa_f,rhein_domatems_foppa_f,46.8380375,9.4476387,Rhein,Domat/Ems,rhine
rhein_eglisau_gomringerp,rhein_eglisau_gomringerp,47.5733159,8.5345847,Rhein,Eglisau,rhine
rhein_hemishofen_stolll,Rhein_Hemishofen_StollL,47.6755236,8.8280292,Rhein,Hemishofen,rhine
rivapiana,Rivapiana,46.172079,8.813255,Lago Maggiore,Minusio,ticino
rocky-plage,Rocky plage,46.20973675,6.16495237,Lac Léman,Genève,rhone
rolle-plage,Rolle-plage,46.4613,6.349739,Lac Léman,Rolle,rhone
route-13,Route 13,46.162521,8.7825791,Maggia,Locarno,ticino
ruisseau-de-la-croix-plage,Ruisseau de la croix plage,46.81392,6.7747,Neuenburgersee,Cheyres-Châbles,aare
saint-sulpice,Saint Sulpice,46.507808,6.545344,Lac Léman,Saint-Sulpice (VD),rhone
san-nazzaro-gambarogno,san nazzaro-gambarogno,46.130443,8.798657,Lago Maggiore,Gambarogno,ticino
schiffenensee_duedingen_hirschij,schiffenensee_duedingen_hirschij,46.8591514,7.1764374,Schiffenensee,Düdingen,aare
schmerikon-bahnhof-strand,Schmerikon Bahnhof Strand,47.22478,8.94418,Zürichsee,Schmerikon,linth
schusspark-strand,Schüsspark strand,47.1465,7.26862,Schüss,Biel/Bienne,aare
schutzenmatte,Schútzenmatte,47.057666,7.634001,Emme,Burgdorf,aare
seeflechsen,seeflechsen,47.1302229,9.1033996,Walensee,Glarus Nord,linth
seemuhlestrasse-strand,Seemühlestrasse Strand,47.12864,9.2951,Walensee,Walenstadt,linth
seez,Seez,47.11983,9.300251,Seez,Walenstadt,linth
seez_spennwiesenbrucke,Seez_Spennwiesenbrücke,47.114948,9.310123,Seez,Walenstadt,linth
sempachersee_sempach_tampec,sempachersee_sempach_tampec,47.1286181,8.1918737,Sempachsee,Sempach,aare
sense_torishaus_g-cubes,Sense_Törishaus_g cubes,46.8831206,7.3531889,Sense,Köniz,aare
sentiero-giro-del-golf-spiaggia,Sentiero Giro del Golf spiaggia,46.14577,8.79043,Lago Maggiore,Ascona,ticino
signalpain,Signalpain,46.7862,6.64736,Neuenburgersee,Yverdon-les-Bains,aare
sihl_adliswil_oggi_fort,Sihl_Adliswil_Oggi_Fort,47.3124217,8.5262549,Sihl,Adliswil,linth
sihl_horgen_bucherf,Sihl_Horgen_BucherF,47.2726946,8.5536821,Sihl,Horgen,linth
sihl_leimbach_kruegerm,sihl_leimbach_kruegerm,47.3254361,8.5191195,Sihl,Zürich,linth
sihl_menzingen_kucharska_magdalena,Sihl_Menzingen_Kucharska_Magdalena,47.1915012,8.6184214,Sihl,Menzingen,linth
sihl_zuerich_eggerskoehlingera,sihl_zuerich_eggerskoehlingera,47.3818981,8.5383279,Sihl,Zürich,linth
sihl_zuerich_eichenbergerd,Sihl_zuerich_eichenbergerD,47.3395883,8.5166965,Sihl,Zürich,linth
sihl_zuerich_scherfs,Sihl_Zuerich_ScherfS,47.3731495,8.5323698,Sihl,Zürich,linth
sihl_zurich_himmelhebern,sihl_zurich_himmelhebern,47.3430554,8.5186122,Sihl,Zürich,linth
sihlsee_einsiedeln_schilligerllacherl,sihlsee_einsiedeln_schilligerllacherl,47.1413938,8.7603588,Sihlsee,Einsiedeln,linth
sitter_gaiserwald_buehlerf,sitter_gaiserwald_buehlerf,47.4251609,9.3401037,Sitter,St. Gallen,rhine
sitter_stgallen_jennya,Sitter_St.Gallen_JennyA,47.4102424,9.320376,Sitter,St. Gallen,rhine
sitter_stgallen_steinbrunnerf,sitter_stgallen_steinbrunnerf,47.4332917,9.3580747,Sitter,St. Gallen,rhine
sorne_birse_wwfjura,sorne_birse_WWFJura,47.3709868,7.3609099,Birs,Delémont,aare
spackmatt,Späckmatt,47.223749,7.576711,Aare,Luterbach,aare
spiaggia-parco-ciani,Spiaggia Parco Ciani,46.00251,8.96082,Lago di Lugano,Lugano,ticino
strandbeiz,Strandbeiz,47.2158617,8.8430984,Zürichsee,Rapperswil-Jona,linth
strandboden-biel,Strandboden-Biel,47.13251,7.233142,Bielersee,Biel/Bienne,aare
sundbach-strand,Sundbach strand,46.684386,7.794768,Thunersee,Beatenberg,aare
thun-strandbad,Thun Strandbad,46.739939,7.63352,Thunersee,Thun,aare
thunersee_spiez_meierd_1,thunersee_spiez_meierd_1,46.7044368,7.6578824,Thunersee,Spiez,aare
thur_schoenenberg_schaera,Thur_Schoenenberg_SchaerA,47.5240726,9.1983347,Thur,Kradolf-Schönenberg,rhine
thur_schwarzenbach_meiliw,thur_schwarzenbach_meiliw,47.4467866,9.0638156,Thur,Wil (SG),rhine
tiger-duck-beach,Tiger duck beach,46.518256,6.582546,Lac Léman,Saint-Sulpice (VD),rhone
tolochenaz,Tolochenaz,46.4975095,6.4828747,Lac Léman,Tolochenaz,rhone
toss_bauma_kurthe,Töss_Bauma_KurthE,47.3701757,8.8678249,Töss,Bauma,rhine
toss_kollbrunn_burgid,töss_kollbrunn_bürgid,47.4545698,8.77968,Töss,Zell (ZH),0
toss_winterthur-2,Töss_Winterthur 2,47.4787073,8.7084264,Töss,Winterthur,0
tschilljus,Tschilljus,46.304399,7.580262,Rhône,Salgesch,rhone
unterdsee_ermatingen_brunkem,unterdsee_ermatingen_brunkem,47.6726333,9.0812462,Untersee,Ermatingen,rhine
untertenzen,Untertenzen,47.11526,9.25478,Walensee,Quarten,linth
urnaesch_urnaesch_meierr,urnaesch_urnaesch_meierr,47.3250986,9.2954188,Urnäsch,Hundwil,rhine
versoix,Versoix,46.289194,6.1705693,Lac Léman,Versoix,rhone
veveyse,Veveyse,46.461022,6.834983,Lac Léman,Vevey,rhone
via-brunari-spiaggia,Via Brunari spiaggia,46.20235,9.01691,Ticino,Bellinzona,ticino
via-mirasole-spiaggia,Via Mirasole spiaggia,46.19953,9.01493,Ticino,Bellinzona,ticino
vidy,Vidy,46.5147155,6.5985884,Lac Léman,Lausanne,rhone
vidy-ruines,Vidy ruines,46.516221,6.596279,Lac Léman,Lausanne,rhone
vierwaldstattersee_weggis_schoberls_1,vierwaldstättersee_weggis_schöberls_1,47.0445321,8.4185689,Vierwaldstättersee,Weggis,linth
vierwaldstattersee_weggis_schoberls_2,vierwaldstättersee_weggis_schöberls_2,47.043953,8.4173076,Vierwaldstättersee,Weggis,linth
vierwaldstattersee_weggis_schoberls_3,vierwaldstättersee_weggis_schöberls_3,47.0299566,8.410801,Vierwaldstättersee,Weggis,linth
villa-barton,Villa Barton,46.22235,6.1525,Lac Léman,Genève,rhone
vira-gambarogno,Vira Gambarogno,46.143343,8.838759,Lago Maggiore,Gambarogno,ticino
vira-spiaggia-left-of-river,Vira spiaggia left of river,46.1429,8.838407,Lago Maggiore,Gambarogno,ticino
vorderrhein_disentis_schmidn,vorderrhein_disentis_schmidn,46.6982739,8.8578373,Vorderrhein,Disentis/Mustér,rhine
walensee_walenstadt_wysse,Walensee_Walenstadt_WyssE,47.1218282,9.2995517,Walensee,Walenstadt,linth
weissenau-neuhaus,Weissenau-Neuhaus,46.676583,7.817528,Thunersee,Unterseen,aare
wycheley,Wycheley,46.74037,8.04864,Brienzersee,Brienz (BE),aare
zuerichsee_maennedorf_vanderkaadene,zuerichsee_maennedorf_vanderkaadene,47.254754,8.6875038,Zürichsee,Männedorf,linth
zuerichsee_richterswil_benkoem_2,zuerichsee_richterswil_benkoem_2,47.2176458,8.6987133,Zürichsee,Richterswil,linth
zuerichsee_staefa_hennm,zuerichsee_staefa_hennm,47.2346431,8.7698814,Zürichsee,Stäfa,linth
zuerichsee_waedenswil_colomboc_1,zuerichsee_waedenswil_colomboc_1,47.2195468,8.6919611,Zürichsee,Richterswil,linth
zuerichsee_zurich_kullg,zuerichsee_zurich_kullg,47.3539573,8.5504743,Zürichsee,Zürich,linth
zugersee_immensee_guedesd,zugersee_Immensee_Guedesd,47.1066869,8.4788812,Zugersee,Meierskappel,linth
zugerseecholler_cham_blarerm,ZugerseeCholler_Cham_BlarerM,47.1782157,8.4800128,Zugersee,Zug,linth
zulg_steffisburg_schmassmanne,zulg_steffisburg_schmassmanne,46.7742431,7.6245372,Zulg,Steffisburg,aare
zurcher-strand,Zürcher Strand,47.3642,8.53742,Zürichsee,Zürich,linth
zurichsee-feldeggstr-banningersand,Zürichsee Feldeggstr BänningerSand,47.3593922,8.5473682,Zürichsee,Zürich,linth
zurichsee_kusnachterhorn_thirkell-whitej,Zürichsee_Küsnachterhorn_Thirkell WhiteJ,47.3176849,8.5768602,Zürichsee,Küsnacht (ZH),linth
zurichsee_wollishofen_langendorfm,zürichsee_wollishofen_langendorfm,47.3458899,8.5361545,Zürichsee,Zürich,linth
amphion,Amphion,46.39811667,6.534083333,Lac Léman,Amphion,rhone
anthy,Anthy,46.35155,6.404266667,Lac Léman,Anthy,rhone
excenevex,Excenevex,46.34981667,6.3595,Lac Léman,Excenevex,rhone
lugrin,Lugrin,46.40485,6.667833333,Lac Léman,Lugrin,rhone
meillerie,Meillerie,46.40773333,6.716533333,Lac Léman,Meillerie,rhone
saint-disdille,Saint-Disdille,46.40105,6.502066667,Lac Léman,Saint-Disdille,rhone
tougues,Tougues,46.32471667,6.256883333,Lac Léman,Tougues,rhone
baby-plage,Baby Plage,46.20878333,6.16285,Lac Léman,Genève,rhone
hermance,Hermance,46.30358333,6.240833333,Lac Léman,Hermance,rhone
port-choiseul,Port Choiseul,46.28966667,6.170716667,Lac Léman,Versoix,rhone
savoniere,Savonière,46.26413333,6.199733333,Lac Léman,Savonière,rhone
versoix-p,Versoix-p,46.27405,6.171316667,Lac Léman,Versoix,rhone
aubonne,Aubonne,46.46026667,6.39115,Lac Léman,Aubonne,rhone
clarens,Clarens,46.43941667,6.889566667,Lac Léman,Clarens,rhone
crans,Crans,46.35538333,6.214033333,Lac Léman,Crans,rhone
cully-p,Cully,46.48895,6.7414,Lac Léman,Cully,rhone
gland,Gland,46.4188,6.290033333,Lac Léman,Gland,rhone
grangettes,Grangettes,46.39621667,6.886716667,Lac Léman,Grangettes,rhone
lutry,Lutry,46.49995,6.69245,Lac Léman,Lutry,rhone
pichette,Pichette,46.46991667,6.815783333,Lac Léman,Vevey,rhone
preverenges-p,Préverenges,46.51141667,6.529916667,Lac Léman,Préverenges,rhone
rolle,Rolle,46.46133333,6.350633333,Lac Léman,Rolle,rhone
tolochenaz-p,Tolochenaz,46.4917,6.48075,Lac Léman,Tolochenaz,rhone
vidy-p,Vidy,46.51121667,6.6109,Lac Léman,Vidy,rhone
bouveret,Bouveret,46.389,6.859816667,Lac Léman,Bouveret,rhone
